<mxfile host="www.draw.io" modified="2019-12-28T19:24:48.152Z" agent="Mozilla/5.0 (Macintosh; Intel Mac OS X 10_15_1) AppleWebKit/537.36 (KHTML, like Gecko) Chrome/79.0.3945.88 Safari/537.36" etag="azuJpRhACyMz92PVtuTl" version="12.4.7" type="github" pages="12">
  <diagram id="c7xge1HRT64sg_Y8zw0z" name="01 - mockup">
    <mxGraphModel dx="747" dy="359" grid="1" gridSize="10" guides="1" tooltips="1" connect="1" arrows="1" fold="1" page="1" pageScale="1" pageWidth="1920" pageHeight="1200" math="0" shadow="0">
      <root>
        <mxCell id="0"/>
        <mxCell id="1" parent="0"/>
        <mxCell id="IEbEX15jgYf6S5dAG2Nu-1" value="" style="strokeWidth=1;shadow=0;dashed=0;align=center;html=1;shape=mxgraph.mockup.containers.browserWindow;rSize=0;strokeColor=#666666;strokeColor2=#008cff;strokeColor3=#c4c4c4;mainText=,;recursiveResize=0;" vertex="1" parent="1">
          <mxGeometry x="500" y="230" width="450" height="330" as="geometry"/>
        </mxCell>
        <mxCell id="IEbEX15jgYf6S5dAG2Nu-2" value="Page 1" style="strokeWidth=1;shadow=0;dashed=0;align=center;html=1;shape=mxgraph.mockup.containers.anchor;fontSize=17;fontColor=#666666;align=left;" vertex="1" parent="IEbEX15jgYf6S5dAG2Nu-1">
          <mxGeometry x="60" y="12" width="110" height="26" as="geometry"/>
        </mxCell>
        <mxCell id="IEbEX15jgYf6S5dAG2Nu-3" value="https://www.draw.io" style="strokeWidth=1;shadow=0;dashed=0;align=center;html=1;shape=mxgraph.mockup.containers.anchor;rSize=0;fontSize=17;fontColor=#666666;align=left;" vertex="1" parent="IEbEX15jgYf6S5dAG2Nu-1">
          <mxGeometry x="130" y="60" width="250" height="26" as="geometry"/>
        </mxCell>
        <mxCell id="IEbEX15jgYf6S5dAG2Nu-5" value="Get a Photo" style="rounded=1;whiteSpace=wrap;html=1;" vertex="1" parent="IEbEX15jgYf6S5dAG2Nu-1">
          <mxGeometry x="30" y="120" width="100" height="30" as="geometry"/>
        </mxCell>
        <mxCell id="IEbEX15jgYf6S5dAG2Nu-7" value="" style="shape=image;html=1;verticalAlign=top;verticalLabelPosition=bottom;labelBackgroundColor=#ffffff;imageAspect=0;aspect=fixed;image=https://cdn2.iconfinder.com/data/icons/ios-7-icons/50/picture-128.png" vertex="1" parent="IEbEX15jgYf6S5dAG2Nu-1">
          <mxGeometry x="30" y="160" width="80" height="80" as="geometry"/>
        </mxCell>
      </root>
    </mxGraphModel>
  </diagram>
  <diagram id="wc02yb7mOgx5JTrBo_Vh" name="02 - step">
    <mxGraphModel dx="747" dy="359" grid="1" gridSize="10" guides="1" tooltips="1" connect="1" arrows="1" fold="1" page="1" pageScale="1" pageWidth="1920" pageHeight="1200" math="0" shadow="0">
      <root>
        <mxCell id="UabKFcCpZolEFO539zMI-0"/>
        <mxCell id="UabKFcCpZolEFO539zMI-1" parent="UabKFcCpZolEFO539zMI-0"/>
        <mxCell id="UabKFcCpZolEFO539zMI-2" value="Generate a new project!" style="rounded=0;whiteSpace=wrap;html=1;fontSize=18;fillColor=#dae8fc;strokeColor=#6c8ebf;" vertex="1" parent="UabKFcCpZolEFO539zMI-1">
          <mxGeometry x="390" y="200" width="450" height="60" as="geometry"/>
        </mxCell>
      </root>
    </mxGraphModel>
  </diagram>
  <diagram id="DBDVVo-c6v0v2AiJxhqS" name="03 - mock">
    <mxGraphModel dx="747" dy="359" grid="1" gridSize="10" guides="1" tooltips="1" connect="1" arrows="1" fold="1" page="1" pageScale="1" pageWidth="1920" pageHeight="1200" math="0" shadow="0">
      <root>
        <mxCell id="gxlUKDunJx--lij-ujxy-0"/>
        <mxCell id="gxlUKDunJx--lij-ujxy-1" parent="gxlUKDunJx--lij-ujxy-0"/>
        <mxCell id="ahcMWnn819B-oXOtmz1A-2" style="edgeStyle=orthogonalEdgeStyle;rounded=0;orthogonalLoop=1;jettySize=auto;html=1;exitX=0.5;exitY=1;exitDx=0;exitDy=0;fontSize=18;" edge="1" parent="gxlUKDunJx--lij-ujxy-1" source="ahcMWnn819B-oXOtmz1A-0" target="ahcMWnn819B-oXOtmz1A-1">
          <mxGeometry relative="1" as="geometry"/>
        </mxCell>
        <mxCell id="ahcMWnn819B-oXOtmz1A-0" value="App Component" style="rounded=0;whiteSpace=wrap;html=1;fontSize=18;fillColor=#e1d5e7;strokeColor=#9673a6;" vertex="1" parent="gxlUKDunJx--lij-ujxy-1">
          <mxGeometry x="640" y="250" width="240" height="60" as="geometry"/>
        </mxCell>
        <mxCell id="ahcMWnn819B-oXOtmz1A-4" style="edgeStyle=orthogonalEdgeStyle;rounded=0;orthogonalLoop=1;jettySize=auto;html=1;exitX=0;exitY=0.25;exitDx=0;exitDy=0;entryX=1;entryY=0.25;entryDx=0;entryDy=0;fontSize=18;" edge="1" parent="gxlUKDunJx--lij-ujxy-1" source="ahcMWnn819B-oXOtmz1A-1" target="ahcMWnn819B-oXOtmz1A-3">
          <mxGeometry relative="1" as="geometry"/>
        </mxCell>
        <mxCell id="ahcMWnn819B-oXOtmz1A-1" value="Component&lt;br&gt;&lt;font style=&quot;font-size: 12px&quot;&gt;(name = ???)&lt;/font&gt;" style="rounded=0;whiteSpace=wrap;html=1;fontSize=18;fillColor=#e1d5e7;strokeColor=#9673a6;" vertex="1" parent="gxlUKDunJx--lij-ujxy-1">
          <mxGeometry x="640" y="370" width="240" height="60" as="geometry"/>
        </mxCell>
        <mxCell id="ahcMWnn819B-oXOtmz1A-6" style="edgeStyle=orthogonalEdgeStyle;rounded=0;orthogonalLoop=1;jettySize=auto;html=1;exitX=1;exitY=0.75;exitDx=0;exitDy=0;entryX=0;entryY=0.75;entryDx=0;entryDy=0;fontSize=10;" edge="1" parent="gxlUKDunJx--lij-ujxy-1" source="ahcMWnn819B-oXOtmz1A-3" target="ahcMWnn819B-oXOtmz1A-1">
          <mxGeometry relative="1" as="geometry"/>
        </mxCell>
        <mxCell id="ahcMWnn819B-oXOtmz1A-10" style="edgeStyle=orthogonalEdgeStyle;rounded=0;orthogonalLoop=1;jettySize=auto;html=1;exitX=0.25;exitY=1;exitDx=0;exitDy=0;entryX=0.25;entryY=0;entryDx=0;entryDy=0;fontSize=10;" edge="1" parent="gxlUKDunJx--lij-ujxy-1" source="ahcMWnn819B-oXOtmz1A-3" target="ahcMWnn819B-oXOtmz1A-9">
          <mxGeometry relative="1" as="geometry"/>
        </mxCell>
        <mxCell id="ahcMWnn819B-oXOtmz1A-3" value="Service &lt;br&gt;&lt;font style=&quot;font-size: 12px&quot;&gt;(name = ???)&lt;/font&gt;" style="rounded=0;whiteSpace=wrap;html=1;fontSize=18;fillColor=#dae8fc;strokeColor=#6c8ebf;" vertex="1" parent="gxlUKDunJx--lij-ujxy-1">
          <mxGeometry x="310" y="370" width="180" height="60" as="geometry"/>
        </mxCell>
        <mxCell id="ahcMWnn819B-oXOtmz1A-5" value="&lt;i&gt;Can I have a random photo?&lt;/i&gt;" style="rounded=0;whiteSpace=wrap;html=1;fontSize=10;" vertex="1" parent="gxlUKDunJx--lij-ujxy-1">
          <mxGeometry x="520" y="355" width="100" height="30" as="geometry"/>
        </mxCell>
        <mxCell id="ahcMWnn819B-oXOtmz1A-7" value="&lt;i&gt;Sure, here you go!&lt;/i&gt;" style="rounded=0;whiteSpace=wrap;html=1;fontSize=10;" vertex="1" parent="gxlUKDunJx--lij-ujxy-1">
          <mxGeometry x="520" y="415" width="100" height="30" as="geometry"/>
        </mxCell>
        <mxCell id="ahcMWnn819B-oXOtmz1A-11" style="edgeStyle=orthogonalEdgeStyle;rounded=0;orthogonalLoop=1;jettySize=auto;html=1;exitX=0.75;exitY=0;exitDx=0;exitDy=0;entryX=0.75;entryY=1;entryDx=0;entryDy=0;fontSize=10;" edge="1" parent="gxlUKDunJx--lij-ujxy-1" source="ahcMWnn819B-oXOtmz1A-9" target="ahcMWnn819B-oXOtmz1A-3">
          <mxGeometry relative="1" as="geometry"/>
        </mxCell>
        <mxCell id="ahcMWnn819B-oXOtmz1A-9" value="Some API that serves up random photos" style="rounded=0;whiteSpace=wrap;html=1;fontSize=18;fillColor=#f5f5f5;strokeColor=#666666;fontColor=#333333;fontStyle=2" vertex="1" parent="gxlUKDunJx--lij-ujxy-1">
          <mxGeometry x="310" y="480" width="180" height="60" as="geometry"/>
        </mxCell>
        <mxCell id="bKt_Q45ncwXycBAKfx1E-0" value="unsplash.com/developers" style="text;html=1;strokeColor=none;fillColor=none;align=center;verticalAlign=middle;whiteSpace=wrap;rounded=0;fontSize=18;" vertex="1" parent="gxlUKDunJx--lij-ujxy-1">
          <mxGeometry x="305" y="550" width="190" height="20" as="geometry"/>
        </mxCell>
      </root>
    </mxGraphModel>
  </diagram>
  <diagram id="wKu1NUG4CkRz3WDjCJPX" name="04 - gen">
    <mxGraphModel dx="747" dy="359" grid="1" gridSize="10" guides="1" tooltips="1" connect="1" arrows="1" fold="1" page="1" pageScale="1" pageWidth="1920" pageHeight="1200" math="0" shadow="0">
      <root>
        <mxCell id="xfzJ9ZjU-mCF_E_MOTA_-0"/>
        <mxCell id="xfzJ9ZjU-mCF_E_MOTA_-1" parent="xfzJ9ZjU-mCF_E_MOTA_-0"/>
        <mxCell id="8X3dBuqi-eF8kJCuDmWP-0" value="Generate a &lt;i&gt;service &lt;/i&gt;with an appropriate name that will eventually fetch a photo" style="rounded=0;whiteSpace=wrap;html=1;fontSize=18;fillColor=#dae8fc;strokeColor=#6c8ebf;" vertex="1" parent="xfzJ9ZjU-mCF_E_MOTA_-1">
          <mxGeometry x="460" y="210" width="450" height="60" as="geometry"/>
        </mxCell>
        <mxCell id="8X3dBuqi-eF8kJCuDmWP-1" value="Generate a &lt;i&gt;component&lt;/i&gt;&amp;nbsp;with an appropriate name that will eventually display a photo + a button" style="rounded=0;whiteSpace=wrap;html=1;fontSize=18;fillColor=#dae8fc;strokeColor=#6c8ebf;" vertex="1" parent="xfzJ9ZjU-mCF_E_MOTA_-1">
          <mxGeometry x="460" y="280" width="450" height="60" as="geometry"/>
        </mxCell>
      </root>
    </mxGraphModel>
  </diagram>
  <diagram id="qXHG2HFfFz7-kECpa-kk" name="05 - api">
    <mxGraphModel dx="747" dy="359" grid="1" gridSize="10" guides="1" tooltips="1" connect="1" arrows="1" fold="1" page="1" pageScale="1" pageWidth="1920" pageHeight="1200" math="0" shadow="0">
      <root>
        <mxCell id="_Qmh8EniUmEs2rvbKyel-0"/>
        <mxCell id="_Qmh8EniUmEs2rvbKyel-1" parent="_Qmh8EniUmEs2rvbKyel-0"/>
        <mxCell id="YuDlnmPuwrW7FFPO4szK-0" value="Sign up for the Unsplash API" style="rounded=0;whiteSpace=wrap;html=1;fontSize=18;fillColor=#dae8fc;strokeColor=#6c8ebf;" vertex="1" parent="_Qmh8EniUmEs2rvbKyel-1">
          <mxGeometry x="560" y="200" width="450" height="60" as="geometry"/>
        </mxCell>
        <mxCell id="YuDlnmPuwrW7FFPO4szK-1" value="After signing up, create a new &#39;application&#39; on the Unsplash developer page" style="rounded=0;whiteSpace=wrap;html=1;fontSize=18;fillColor=#dae8fc;strokeColor=#6c8ebf;" vertex="1" parent="_Qmh8EniUmEs2rvbKyel-1">
          <mxGeometry x="530" y="270" width="450" height="60" as="geometry"/>
        </mxCell>
        <mxCell id="YuDlnmPuwrW7FFPO4szK-2" value="In the created application, find your &#39;Access Key&#39;" style="rounded=0;whiteSpace=wrap;html=1;fontSize=18;fillColor=#dae8fc;strokeColor=#6c8ebf;" vertex="1" parent="_Qmh8EniUmEs2rvbKyel-1">
          <mxGeometry x="530" y="340" width="450" height="60" as="geometry"/>
        </mxCell>
      </root>
    </mxGraphModel>
  </diagram>
  <diagram id="_ySRMXomJ7JKz_bJKz9u" name="06 - http">
    <mxGraphModel dx="747" dy="359" grid="1" gridSize="10" guides="1" tooltips="1" connect="1" arrows="1" fold="1" page="1" pageScale="1" pageWidth="1920" pageHeight="1200" math="0" shadow="0">
      <root>
        <mxCell id="_5LEtwIOhiIahqB0DjWa-0"/>
        <mxCell id="_5LEtwIOhiIahqB0DjWa-1" parent="_5LEtwIOhiIahqB0DjWa-0"/>
        <mxCell id="Ri5ZKa8Qf3kvFArJZVgu-0" value="Add the &#39;HttpClientModule&#39; to the App module&#39;s list of &#39;imports&#39;" style="rounded=0;whiteSpace=wrap;html=1;fontSize=18;fillColor=#dae8fc;strokeColor=#6c8ebf;" vertex="1" parent="_5LEtwIOhiIahqB0DjWa-1">
          <mxGeometry x="530" y="200" width="450" height="60" as="geometry"/>
        </mxCell>
        <mxCell id="Ri5ZKa8Qf3kvFArJZVgu-3" value="Use dependency injection to get access to the &#39;HttpClient&#39; in our service" style="rounded=0;whiteSpace=wrap;html=1;fontSize=18;fillColor=#dae8fc;strokeColor=#6c8ebf;" vertex="1" parent="_5LEtwIOhiIahqB0DjWa-1">
          <mxGeometry x="530" y="270" width="450" height="60" as="geometry"/>
        </mxCell>
      </root>
    </mxGraphModel>
  </diagram>
  <diagram id="ilpOXP8S_rWTIVkrfSyt" name="07 - http">
    <mxGraphModel dx="747" dy="359" grid="1" gridSize="10" guides="1" tooltips="1" connect="1" arrows="1" fold="1" page="1" pageScale="1" pageWidth="1920" pageHeight="1200" math="0" shadow="0">
      <root>
        <mxCell id="otNOsL6_S5fmZWo0Yrfl-0"/>
        <mxCell id="otNOsL6_S5fmZWo0Yrfl-1" parent="otNOsL6_S5fmZWo0Yrfl-0"/>
        <mxCell id="scTAb_JqCTIvd4mR8EMW-0" value="Add a new method to the service that will make and return a request" style="rounded=0;whiteSpace=wrap;html=1;fontSize=18;fillColor=#dae8fc;strokeColor=#6c8ebf;" vertex="1" parent="otNOsL6_S5fmZWo0Yrfl-1">
          <mxGeometry x="530" y="410" width="450" height="60" as="geometry"/>
        </mxCell>
        <mxCell id="scTAb_JqCTIvd4mR8EMW-1" value="Take a look at the Unsplash API documentation on how to access their API" style="rounded=0;whiteSpace=wrap;html=1;fontSize=18;fillColor=#dae8fc;strokeColor=#6c8ebf;" vertex="1" parent="otNOsL6_S5fmZWo0Yrfl-1">
          <mxGeometry x="530" y="270" width="450" height="60" as="geometry"/>
        </mxCell>
        <mxCell id="scTAb_JqCTIvd4mR8EMW-2" value="Take a look at the type definition of the &#39;HttpClient&#39; to figure out how to include a header on the request" style="rounded=0;whiteSpace=wrap;html=1;fontSize=18;fillColor=#dae8fc;strokeColor=#6c8ebf;" vertex="1" parent="otNOsL6_S5fmZWo0Yrfl-1">
          <mxGeometry x="530" y="340" width="450" height="60" as="geometry"/>
        </mxCell>
        <mxCell id="scTAb_JqCTIvd4mR8EMW-3" value="" style="shape=curlyBracket;whiteSpace=wrap;html=1;rounded=1;fontSize=18;rotation=-180;" vertex="1" parent="otNOsL6_S5fmZWo0Yrfl-1">
          <mxGeometry x="990" y="270" width="20" height="130" as="geometry"/>
        </mxCell>
        <mxCell id="scTAb_JqCTIvd4mR8EMW-4" value="&lt;i&gt;Hard!&lt;/i&gt;" style="text;html=1;strokeColor=none;fillColor=none;align=center;verticalAlign=middle;whiteSpace=wrap;rounded=0;fontSize=18;" vertex="1" parent="otNOsL6_S5fmZWo0Yrfl-1">
          <mxGeometry x="1010" y="325" width="50" height="20" as="geometry"/>
        </mxCell>
      </root>
    </mxGraphModel>
  </diagram>
  <diagram id="NKpabH5ITiVw4TCWusvn" name="08 - next">
    <mxGraphModel dx="747" dy="359" grid="1" gridSize="10" guides="1" tooltips="1" connect="1" arrows="1" fold="1" page="1" pageScale="1" pageWidth="1920" pageHeight="1200" math="0" shadow="0">
      <root>
        <mxCell id="GDcgEYNzkdXXziX_IGwE-0"/>
        <mxCell id="GDcgEYNzkdXXziX_IGwE-1" parent="GDcgEYNzkdXXziX_IGwE-0"/>
        <mxCell id="7RACP4Ka_GAG_488YKJ1-0" value="Make sure the component we generated earlier is visible on the screen" style="rounded=0;whiteSpace=wrap;html=1;fontSize=18;fillColor=#dae8fc;strokeColor=#6c8ebf;" vertex="1" parent="GDcgEYNzkdXXziX_IGwE-1">
          <mxGeometry x="530" y="200" width="450" height="60" as="geometry"/>
        </mxCell>
      </root>
    </mxGraphModel>
  </diagram>
  <diagram id="z_VJDKU0Y0OLiemGPzLm" name="09 - button">
    <mxGraphModel dx="747" dy="359" grid="1" gridSize="10" guides="1" tooltips="1" connect="1" arrows="1" fold="1" page="1" pageScale="1" pageWidth="1920" pageHeight="1200" math="0" shadow="0">
      <root>
        <mxCell id="w9n0EAB8Os8VDa5Kr1FZ-0"/>
        <mxCell id="w9n0EAB8Os8VDa5Kr1FZ-1" parent="w9n0EAB8Os8VDa5Kr1FZ-0"/>
        <mxCell id="KUKyfKpt6bKpPdMqMCCZ-0" value="Use dependency injection to get access to the service in your component" style="rounded=0;whiteSpace=wrap;html=1;fontSize=18;fillColor=#dae8fc;strokeColor=#6c8ebf;" vertex="1" parent="w9n0EAB8Os8VDa5Kr1FZ-1">
          <mxGeometry x="530" y="200" width="450" height="60" as="geometry"/>
        </mxCell>
        <mxCell id="KUKyfKpt6bKpPdMqMCCZ-2" value="When the component is about to show on the screen, call the &#39;getPhoto&#39; method to make the request" style="rounded=0;whiteSpace=wrap;html=1;fontSize=18;fillColor=#dae8fc;strokeColor=#6c8ebf;" vertex="1" parent="w9n0EAB8Os8VDa5Kr1FZ-1">
          <mxGeometry x="530" y="270" width="450" height="60" as="geometry"/>
        </mxCell>
        <mxCell id="KUKyfKpt6bKpPdMqMCCZ-3" value="Inspect the request in your network request tab and ensure that you see some data fetched" style="rounded=0;whiteSpace=wrap;html=1;fontSize=18;fillColor=#dae8fc;strokeColor=#6c8ebf;" vertex="1" parent="w9n0EAB8Os8VDa5Kr1FZ-1">
          <mxGeometry x="530" y="340" width="450" height="60" as="geometry"/>
        </mxCell>
        <mxCell id="JbAT3oHxNk7AU6bMBtJz-0" value="" style="shape=curlyBracket;whiteSpace=wrap;html=1;rounded=1;fontSize=18;rotation=-180;" vertex="1" parent="w9n0EAB8Os8VDa5Kr1FZ-1">
          <mxGeometry x="990" y="270" width="20" height="60" as="geometry"/>
        </mxCell>
        <mxCell id="JbAT3oHxNk7AU6bMBtJz-1" value="&lt;i&gt;Just calling the method alone won&#39;t work....&lt;/i&gt;" style="text;html=1;strokeColor=none;fillColor=none;align=left;verticalAlign=middle;whiteSpace=wrap;rounded=0;fontSize=18;" vertex="1" parent="w9n0EAB8Os8VDa5Kr1FZ-1">
          <mxGeometry x="1010" y="290" width="110" height="20" as="geometry"/>
        </mxCell>
      </root>
    </mxGraphModel>
  </diagram>
  <diagram name="10 - note" id="r1aV4Vzh-G6xoXQpDmUY">
    <mxGraphModel dx="747" dy="359" grid="1" gridSize="10" guides="1" tooltips="1" connect="1" arrows="1" fold="1" page="1" pageScale="1" pageWidth="1920" pageHeight="1200" math="0" shadow="0">
      <root>
        <mxCell id="EWqAmwgBbmL9_DVbwPx4-0"/>
        <mxCell id="EWqAmwgBbmL9_DVbwPx4-1" parent="EWqAmwgBbmL9_DVbwPx4-0"/>
        <mxCell id="EWqAmwgBbmL9_DVbwPx4-2" value="In the subscription that you added, get access to the response and console log it" style="rounded=0;whiteSpace=wrap;html=1;fontSize=18;fillColor=#dae8fc;strokeColor=#6c8ebf;" vertex="1" parent="EWqAmwgBbmL9_DVbwPx4-1">
          <mxGeometry x="530" y="200" width="450" height="60" as="geometry"/>
        </mxCell>
        <mxCell id="EWqAmwgBbmL9_DVbwPx4-3" value="Try to console log&amp;nbsp;&lt;i&gt;just&lt;/i&gt;&amp;nbsp;the &#39;urls.regular&#39; property" style="rounded=0;whiteSpace=wrap;html=1;fontSize=18;fillColor=#dae8fc;strokeColor=#6c8ebf;" vertex="1" parent="EWqAmwgBbmL9_DVbwPx4-1">
          <mxGeometry x="530" y="270" width="450" height="60" as="geometry"/>
        </mxCell>
        <mxCell id="EWqAmwgBbmL9_DVbwPx4-4" value="End up with an error from typescript?&amp;nbsp; Perhaps we need to apply a type annotation to help TS understand the format of the response" style="rounded=0;whiteSpace=wrap;html=1;fontSize=18;fillColor=#dae8fc;strokeColor=#6c8ebf;" vertex="1" parent="EWqAmwgBbmL9_DVbwPx4-1">
          <mxGeometry x="530" y="340" width="450" height="80" as="geometry"/>
        </mxCell>
      </root>
    </mxGraphModel>
  </diagram>
  <diagram name="10 - img" id="4gJ1fN3AUXiCGwxwZzvv">
    <mxGraphModel dx="747" dy="359" grid="1" gridSize="10" guides="1" tooltips="1" connect="1" arrows="1" fold="1" page="1" pageScale="1" pageWidth="1920" pageHeight="1200" math="0" shadow="0">
      <root>
        <mxCell id="Wk-u33mYpSHPJ3AkItH6-0"/>
        <mxCell id="Wk-u33mYpSHPJ3AkItH6-1" parent="Wk-u33mYpSHPJ3AkItH6-0"/>
        <mxCell id="Wk-u33mYpSHPJ3AkItH6-2" value="Add a new property to the class to store the URL of the fetched image" style="rounded=0;whiteSpace=wrap;html=1;fontSize=18;fillColor=#dae8fc;strokeColor=#6c8ebf;" vertex="1" parent="Wk-u33mYpSHPJ3AkItH6-1">
          <mxGeometry x="530" y="200" width="450" height="60" as="geometry"/>
        </mxCell>
        <mxCell id="Wk-u33mYpSHPJ3AkItH6-3" value="Add in a img element to the component&#39;s template" style="rounded=0;whiteSpace=wrap;html=1;fontSize=18;fillColor=#dae8fc;strokeColor=#6c8ebf;" vertex="1" parent="Wk-u33mYpSHPJ3AkItH6-1">
          <mxGeometry x="530" y="333" width="450" height="60" as="geometry"/>
        </mxCell>
        <mxCell id="1sSM59xzxlvYMUmy2UxQ-0" style="edgeStyle=orthogonalEdgeStyle;rounded=0;orthogonalLoop=1;jettySize=auto;html=1;exitX=1;exitY=0.5;exitDx=0;exitDy=0;entryX=1;entryY=0.5;entryDx=0;entryDy=0;fontSize=18;" edge="1" parent="Wk-u33mYpSHPJ3AkItH6-1" source="Wk-u33mYpSHPJ3AkItH6-4" target="Wk-u33mYpSHPJ3AkItH6-2">
          <mxGeometry relative="1" as="geometry"/>
        </mxCell>
        <mxCell id="Wk-u33mYpSHPJ3AkItH6-4" value="Use the property binding syntax to set the &#39;src&#39; property of the image to the property you created in step #1" style="rounded=0;whiteSpace=wrap;html=1;fontSize=18;fillColor=#dae8fc;strokeColor=#6c8ebf;" vertex="1" parent="Wk-u33mYpSHPJ3AkItH6-1">
          <mxGeometry x="530" y="400" width="450" height="60" as="geometry"/>
        </mxCell>
        <mxCell id="D6jyDDnHY4hKRdpHFACX-0" value="Store URL from the response in that new property" style="rounded=0;whiteSpace=wrap;html=1;fontSize=18;fillColor=#dae8fc;strokeColor=#6c8ebf;" vertex="1" parent="Wk-u33mYpSHPJ3AkItH6-1">
          <mxGeometry x="530" y="267" width="450" height="60" as="geometry"/>
        </mxCell>
      </root>
    </mxGraphModel>
  </diagram>
  <diagram id="WKbd1i5VIzGzImfWawxE" name="11 - img">
    <mxGraphModel dx="747" dy="359" grid="1" gridSize="10" guides="1" tooltips="1" connect="1" arrows="1" fold="1" page="1" pageScale="1" pageWidth="1920" pageHeight="1200" math="0" shadow="0">
      <root>
        <mxCell id="LjjdyAVDOoNxvBvZfNKy-0"/>
        <mxCell id="LjjdyAVDOoNxvBvZfNKy-1" parent="LjjdyAVDOoNxvBvZfNKy-0"/>
        <mxCell id="9ZQ5Of8uSpM7cOHrIHOT-0" value="Add a button to the template" style="rounded=0;whiteSpace=wrap;html=1;fontSize=18;fillColor=#dae8fc;strokeColor=#6c8ebf;" vertex="1" parent="LjjdyAVDOoNxvBvZfNKy-1">
          <mxGeometry x="530" y="200" width="450" height="60" as="geometry"/>
        </mxCell>
        <mxCell id="9ZQ5Of8uSpM7cOHrIHOT-1" value="Add an event handler to the button that will run a method from our component" style="rounded=0;whiteSpace=wrap;html=1;fontSize=18;fillColor=#dae8fc;strokeColor=#6c8ebf;" vertex="1" parent="LjjdyAVDOoNxvBvZfNKy-1">
          <mxGeometry x="530" y="270" width="450" height="60" as="geometry"/>
        </mxCell>
        <mxCell id="9ZQ5Of8uSpM7cOHrIHOT-2" value="In that method, make sure you call your service again to fetch another photo and update the property storing your image URL" style="rounded=0;whiteSpace=wrap;html=1;fontSize=18;fillColor=#dae8fc;strokeColor=#6c8ebf;" vertex="1" parent="LjjdyAVDOoNxvBvZfNKy-1">
          <mxGeometry x="530" y="340" width="450" height="80" as="geometry"/>
        </mxCell>
      </root>
    </mxGraphModel>
  </diagram>
</mxfile>
