<mxfile host="www.draw.io" modified="2019-12-31T17:53:08.761Z" agent="Mozilla/5.0 (Macintosh; Intel Mac OS X 10_15_1) AppleWebKit/537.36 (KHTML, like Gecko) Chrome/79.0.3945.88 Safari/537.36" etag="0mg02R6k38bpOzfduBGd" version="12.4.7" type="github" pages="10">
  <diagram id="K5ieoUoihvHOHd8dR5Ru" name="01 - TS">
    <mxGraphModel dx="1282" dy="717" grid="1" gridSize="10" guides="1" tooltips="1" connect="1" arrows="1" fold="1" page="1" pageScale="1" pageWidth="1920" pageHeight="1200" math="0" shadow="0">
      <root>
        <mxCell id="0"/>
        <mxCell id="1" parent="0"/>
        <mxCell id="HnmX0KyF7SV8wZ-sUBqU-2" value="Typescript" style="text;html=1;strokeColor=none;fillColor=none;align=center;verticalAlign=middle;whiteSpace=wrap;rounded=0;fontStyle=1;fontSize=28;" parent="1" vertex="1">
          <mxGeometry x="580" y="200" width="90" height="30" as="geometry"/>
        </mxCell>
        <mxCell id="HnmX0KyF7SV8wZ-sUBqU-3" value="Superset of Javascript (it has all the features of JS + more)" style="rounded=0;whiteSpace=wrap;html=1;fontSize=15;" parent="1" vertex="1">
          <mxGeometry x="395" y="240" width="460" height="50" as="geometry"/>
        </mxCell>
        <mxCell id="HnmX0KyF7SV8wZ-sUBqU-4" value="We write TS during development, but the browser still runs JS" style="rounded=0;whiteSpace=wrap;html=1;fontSize=15;" parent="1" vertex="1">
          <mxGeometry x="395" y="300" width="460" height="50" as="geometry"/>
        </mxCell>
        <mxCell id="HnmX0KyF7SV8wZ-sUBqU-5" value="Provides &lt;i style=&quot;font-weight: bold&quot;&gt;zero &lt;/i&gt;speed or performance benefits!" style="rounded=0;whiteSpace=wrap;html=1;fontSize=15;" parent="1" vertex="1">
          <mxGeometry x="395" y="360" width="460" height="50" as="geometry"/>
        </mxCell>
        <mxCell id="HnmX0KyF7SV8wZ-sUBqU-6" value="&lt;b&gt;The only goal of Typescript is to help you catch errors in your code editor instead of while your app is running&lt;/b&gt;" style="rounded=0;whiteSpace=wrap;html=1;fontSize=15;" parent="1" vertex="1">
          <mxGeometry x="395" y="420" width="460" height="50" as="geometry"/>
        </mxCell>
      </root>
    </mxGraphModel>
  </diagram>
  <diagram id="wg3aIHVQQNLWx0PsaKHj" name="02 - run">
    <mxGraphModel dx="747" dy="359" grid="1" gridSize="10" guides="1" tooltips="1" connect="1" arrows="1" fold="1" page="1" pageScale="1" pageWidth="1920" pageHeight="1200" math="0" shadow="0">
      <root>
        <mxCell id="T4SnxCN8KKkGJVW8rMUf-0"/>
        <mxCell id="T4SnxCN8KKkGJVW8rMUf-1" parent="T4SnxCN8KKkGJVW8rMUf-0"/>
        <mxCell id="T4SnxCN8KKkGJVW8rMUf-2" value="npm install ts-node-dev" style="rounded=0;whiteSpace=wrap;html=1;fontSize=30;fontStyle=1;fillColor=#dae8fc;strokeColor=#6c8ebf;" vertex="1" parent="T4SnxCN8KKkGJVW8rMUf-1">
          <mxGeometry x="380" y="250" width="470" height="60" as="geometry"/>
        </mxCell>
        <mxCell id="T4SnxCN8KKkGJVW8rMUf-3" value="Typescript directly at our command line" style="text;html=1;strokeColor=none;fillColor=none;align=center;verticalAlign=middle;whiteSpace=wrap;rounded=0;fontSize=18;fontStyle=2" vertex="1" parent="T4SnxCN8KKkGJVW8rMUf-1">
          <mxGeometry x="457.5" y="310" width="315" height="60" as="geometry"/>
        </mxCell>
        <mxCell id="zKdwBlOEMMxOf6TtjYwe-0" value="npm install typescript" style="rounded=0;whiteSpace=wrap;html=1;fontSize=30;fontStyle=1;fillColor=#dae8fc;strokeColor=#6c8ebf;" vertex="1" parent="T4SnxCN8KKkGJVW8rMUf-1">
          <mxGeometry x="380" y="420" width="470" height="60" as="geometry"/>
        </mxCell>
        <mxCell id="zKdwBlOEMMxOf6TtjYwe-2" value="Typescript itself!&amp;nbsp;&amp;nbsp;&lt;br&gt;" style="text;html=1;strokeColor=none;fillColor=none;align=center;verticalAlign=middle;whiteSpace=wrap;rounded=0;fontSize=18;fontStyle=2" vertex="1" parent="T4SnxCN8KKkGJVW8rMUf-1">
          <mxGeometry x="457.5" y="480" width="315" height="30" as="geometry"/>
        </mxCell>
      </root>
    </mxGraphModel>
  </diagram>
  <diagram id="4TlK1L9i1kXSs6qnDvoN" name="03 - types">
    <mxGraphModel dx="747" dy="359" grid="1" gridSize="10" guides="1" tooltips="1" connect="1" arrows="1" fold="1" page="1" pageScale="1" pageWidth="1920" pageHeight="1200" math="0" shadow="0">
      <root>
        <mxCell id="L4QSWA2kLRgyEGwb8dY4-0"/>
        <mxCell id="L4QSWA2kLRgyEGwb8dY4-1" parent="L4QSWA2kLRgyEGwb8dY4-0"/>
        <mxCell id="L4QSWA2kLRgyEGwb8dY4-2" value="const name" style="rounded=0;whiteSpace=wrap;html=1;fontSize=18;" vertex="1" parent="L4QSWA2kLRgyEGwb8dY4-1">
          <mxGeometry x="400" y="250" width="120" height="60" as="geometry"/>
        </mxCell>
        <mxCell id="L4QSWA2kLRgyEGwb8dY4-3" value=": string" style="rounded=0;whiteSpace=wrap;html=1;fontSize=18;fillColor=#dae8fc;strokeColor=#6c8ebf;" vertex="1" parent="L4QSWA2kLRgyEGwb8dY4-1">
          <mxGeometry x="520" y="250" width="120" height="60" as="geometry"/>
        </mxCell>
        <mxCell id="L4QSWA2kLRgyEGwb8dY4-4" value="= &#39;Stephen&#39;;" style="rounded=0;whiteSpace=wrap;html=1;fontSize=18;" vertex="1" parent="L4QSWA2kLRgyEGwb8dY4-1">
          <mxGeometry x="640" y="250" width="120" height="60" as="geometry"/>
        </mxCell>
        <mxCell id="L4QSWA2kLRgyEGwb8dY4-5" value="" style="shape=curlyBracket;whiteSpace=wrap;html=1;rounded=1;fontSize=18;rotation=90;" vertex="1" parent="L4QSWA2kLRgyEGwb8dY4-1">
          <mxGeometry x="565" y="165" width="30" height="120" as="geometry"/>
        </mxCell>
        <mxCell id="L4QSWA2kLRgyEGwb8dY4-6" value="Type Annotation" style="text;html=1;strokeColor=none;fillColor=none;align=center;verticalAlign=middle;whiteSpace=wrap;rounded=0;fontSize=18;" vertex="1" parent="L4QSWA2kLRgyEGwb8dY4-1">
          <mxGeometry x="515" y="170" width="130" height="40" as="geometry"/>
        </mxCell>
      </root>
    </mxGraphModel>
  </diagram>
  <diagram id="KGkH0H3mimwC2ic0q7Kl" name="04 - types">
    <mxGraphModel dx="542" dy="359" grid="1" gridSize="10" guides="1" tooltips="1" connect="1" arrows="1" fold="1" page="1" pageScale="1" pageWidth="1920" pageHeight="1200" math="0" shadow="0">
      <root>
        <mxCell id="aP8mny04UfGmjDG34_9H-0"/>
        <mxCell id="aP8mny04UfGmjDG34_9H-1" parent="aP8mny04UfGmjDG34_9H-0"/>
        <mxCell id="Dl2DiCPaNpqv0xKsCXk_-1" value="" style="endArrow=none;html=1;fontSize=18;" edge="1" parent="aP8mny04UfGmjDG34_9H-1">
          <mxGeometry width="50" height="50" relative="1" as="geometry">
            <mxPoint x="490" y="230" as="sourcePoint"/>
            <mxPoint x="1120" y="230" as="targetPoint"/>
          </mxGeometry>
        </mxCell>
        <mxCell id="Dl2DiCPaNpqv0xKsCXk_-2" value="Name" style="text;html=1;strokeColor=none;fillColor=none;align=center;verticalAlign=middle;whiteSpace=wrap;rounded=0;fontSize=28;" vertex="1" parent="aP8mny04UfGmjDG34_9H-1">
          <mxGeometry x="530" y="200" width="40" height="20" as="geometry"/>
        </mxCell>
        <mxCell id="Dl2DiCPaNpqv0xKsCXk_-4" value="Examples" style="text;html=1;strokeColor=none;fillColor=none;align=center;verticalAlign=middle;whiteSpace=wrap;rounded=0;fontSize=28;" vertex="1" parent="aP8mny04UfGmjDG34_9H-1">
          <mxGeometry x="845" y="200" width="40" height="20" as="geometry"/>
        </mxCell>
        <mxCell id="Dl2DiCPaNpqv0xKsCXk_-6" value="" style="endArrow=none;html=1;fontSize=18;" edge="1" parent="aP8mny04UfGmjDG34_9H-1">
          <mxGeometry width="50" height="50" relative="1" as="geometry">
            <mxPoint x="490" y="280" as="sourcePoint"/>
            <mxPoint x="1120" y="280" as="targetPoint"/>
          </mxGeometry>
        </mxCell>
        <mxCell id="Dl2DiCPaNpqv0xKsCXk_-7" value="string" style="text;html=1;strokeColor=none;fillColor=none;align=center;verticalAlign=middle;whiteSpace=wrap;rounded=0;fontSize=18;" vertex="1" parent="aP8mny04UfGmjDG34_9H-1">
          <mxGeometry x="530" y="245" width="40" height="20" as="geometry"/>
        </mxCell>
        <mxCell id="Dl2DiCPaNpqv0xKsCXk_-10" value="&#39;apple&#39;" style="rounded=0;whiteSpace=wrap;html=1;fontSize=14;" vertex="1" parent="aP8mny04UfGmjDG34_9H-1">
          <mxGeometry x="720" y="242.5" width="90" height="25" as="geometry"/>
        </mxCell>
        <mxCell id="Dl2DiCPaNpqv0xKsCXk_-11" value="&#39;banana&#39;" style="rounded=0;whiteSpace=wrap;html=1;fontSize=14;" vertex="1" parent="aP8mny04UfGmjDG34_9H-1">
          <mxGeometry x="820" y="242.5" width="90" height="25" as="geometry"/>
        </mxCell>
        <mxCell id="Dl2DiCPaNpqv0xKsCXk_-12" value="`template string`" style="rounded=0;whiteSpace=wrap;html=1;fontSize=14;" vertex="1" parent="aP8mny04UfGmjDG34_9H-1">
          <mxGeometry x="920" y="242.5" width="120" height="25" as="geometry"/>
        </mxCell>
        <mxCell id="Dl2DiCPaNpqv0xKsCXk_-13" value="" style="endArrow=none;html=1;fontSize=18;" edge="1" parent="aP8mny04UfGmjDG34_9H-1">
          <mxGeometry width="50" height="50" relative="1" as="geometry">
            <mxPoint x="490" y="335" as="sourcePoint"/>
            <mxPoint x="1120" y="335" as="targetPoint"/>
          </mxGeometry>
        </mxCell>
        <mxCell id="Dl2DiCPaNpqv0xKsCXk_-14" value="number" style="text;html=1;strokeColor=none;fillColor=none;align=center;verticalAlign=middle;whiteSpace=wrap;rounded=0;fontSize=18;" vertex="1" parent="aP8mny04UfGmjDG34_9H-1">
          <mxGeometry x="530" y="300" width="40" height="20" as="geometry"/>
        </mxCell>
        <mxCell id="Dl2DiCPaNpqv0xKsCXk_-15" value="3" style="rounded=0;whiteSpace=wrap;html=1;fontSize=14;" vertex="1" parent="aP8mny04UfGmjDG34_9H-1">
          <mxGeometry x="720" y="297.5" width="90" height="25" as="geometry"/>
        </mxCell>
        <mxCell id="Dl2DiCPaNpqv0xKsCXk_-16" value="0" style="rounded=0;whiteSpace=wrap;html=1;fontSize=14;" vertex="1" parent="aP8mny04UfGmjDG34_9H-1">
          <mxGeometry x="820" y="297.5" width="90" height="25" as="geometry"/>
        </mxCell>
        <mxCell id="Dl2DiCPaNpqv0xKsCXk_-17" value="10.00001" style="rounded=0;whiteSpace=wrap;html=1;fontSize=14;" vertex="1" parent="aP8mny04UfGmjDG34_9H-1">
          <mxGeometry x="920" y="297.5" width="90" height="25" as="geometry"/>
        </mxCell>
        <mxCell id="Dl2DiCPaNpqv0xKsCXk_-18" value="-999" style="rounded=0;whiteSpace=wrap;html=1;fontSize=14;" vertex="1" parent="aP8mny04UfGmjDG34_9H-1">
          <mxGeometry x="1020" y="297.5" width="90" height="25" as="geometry"/>
        </mxCell>
        <mxCell id="Dl2DiCPaNpqv0xKsCXk_-19" value="" style="endArrow=none;html=1;fontSize=18;" edge="1" parent="aP8mny04UfGmjDG34_9H-1">
          <mxGeometry width="50" height="50" relative="1" as="geometry">
            <mxPoint x="490" y="385" as="sourcePoint"/>
            <mxPoint x="1120" y="385" as="targetPoint"/>
          </mxGeometry>
        </mxCell>
        <mxCell id="Dl2DiCPaNpqv0xKsCXk_-20" value="boolean" style="text;html=1;strokeColor=none;fillColor=none;align=center;verticalAlign=middle;whiteSpace=wrap;rounded=0;fontSize=18;" vertex="1" parent="aP8mny04UfGmjDG34_9H-1">
          <mxGeometry x="530" y="350" width="40" height="20" as="geometry"/>
        </mxCell>
        <mxCell id="Dl2DiCPaNpqv0xKsCXk_-21" value="true" style="rounded=0;whiteSpace=wrap;html=1;fontSize=14;" vertex="1" parent="aP8mny04UfGmjDG34_9H-1">
          <mxGeometry x="720" y="347.5" width="90" height="25" as="geometry"/>
        </mxCell>
        <mxCell id="Dl2DiCPaNpqv0xKsCXk_-22" value="false" style="rounded=0;whiteSpace=wrap;html=1;fontSize=14;" vertex="1" parent="aP8mny04UfGmjDG34_9H-1">
          <mxGeometry x="820" y="347.5" width="90" height="25" as="geometry"/>
        </mxCell>
        <mxCell id="Dl2DiCPaNpqv0xKsCXk_-23" value="" style="endArrow=none;html=1;fontSize=18;" edge="1" parent="aP8mny04UfGmjDG34_9H-1">
          <mxGeometry width="50" height="50" relative="1" as="geometry">
            <mxPoint x="490" y="437.5" as="sourcePoint"/>
            <mxPoint x="1120" y="437.5" as="targetPoint"/>
          </mxGeometry>
        </mxCell>
        <mxCell id="Dl2DiCPaNpqv0xKsCXk_-24" value="undefined" style="text;html=1;strokeColor=none;fillColor=none;align=center;verticalAlign=middle;whiteSpace=wrap;rounded=0;fontSize=18;" vertex="1" parent="aP8mny04UfGmjDG34_9H-1">
          <mxGeometry x="530" y="402.5" width="40" height="20" as="geometry"/>
        </mxCell>
        <mxCell id="Dl2DiCPaNpqv0xKsCXk_-25" value="undefined" style="rounded=0;whiteSpace=wrap;html=1;fontSize=14;" vertex="1" parent="aP8mny04UfGmjDG34_9H-1">
          <mxGeometry x="720" y="400" width="90" height="25" as="geometry"/>
        </mxCell>
        <mxCell id="Dl2DiCPaNpqv0xKsCXk_-27" value="" style="endArrow=none;html=1;fontSize=18;" edge="1" parent="aP8mny04UfGmjDG34_9H-1">
          <mxGeometry width="50" height="50" relative="1" as="geometry">
            <mxPoint x="490" y="487.5" as="sourcePoint"/>
            <mxPoint x="1120" y="487.5" as="targetPoint"/>
          </mxGeometry>
        </mxCell>
        <mxCell id="Dl2DiCPaNpqv0xKsCXk_-28" value="null" style="text;html=1;strokeColor=none;fillColor=none;align=center;verticalAlign=middle;whiteSpace=wrap;rounded=0;fontSize=18;" vertex="1" parent="aP8mny04UfGmjDG34_9H-1">
          <mxGeometry x="530" y="452.5" width="40" height="20" as="geometry"/>
        </mxCell>
        <mxCell id="Dl2DiCPaNpqv0xKsCXk_-29" value="null" style="rounded=0;whiteSpace=wrap;html=1;fontSize=14;" vertex="1" parent="aP8mny04UfGmjDG34_9H-1">
          <mxGeometry x="720" y="450" width="90" height="25" as="geometry"/>
        </mxCell>
        <mxCell id="Dl2DiCPaNpqv0xKsCXk_-32" value="" style="endArrow=none;html=1;fontSize=18;" edge="1" parent="aP8mny04UfGmjDG34_9H-1">
          <mxGeometry width="50" height="50" relative="1" as="geometry">
            <mxPoint x="490" y="537.5" as="sourcePoint"/>
            <mxPoint x="1120" y="537.5" as="targetPoint"/>
          </mxGeometry>
        </mxCell>
        <mxCell id="Dl2DiCPaNpqv0xKsCXk_-33" value="any" style="text;html=1;strokeColor=none;fillColor=none;align=center;verticalAlign=middle;whiteSpace=wrap;rounded=0;fontSize=18;" vertex="1" parent="aP8mny04UfGmjDG34_9H-1">
          <mxGeometry x="530" y="502.5" width="40" height="20" as="geometry"/>
        </mxCell>
        <mxCell id="Dl2DiCPaNpqv0xKsCXk_-36" value="10" style="rounded=0;whiteSpace=wrap;html=1;fontSize=14;" vertex="1" parent="aP8mny04UfGmjDG34_9H-1">
          <mxGeometry x="720" y="500" width="90" height="25" as="geometry"/>
        </mxCell>
        <mxCell id="Dl2DiCPaNpqv0xKsCXk_-37" value="false" style="rounded=0;whiteSpace=wrap;html=1;fontSize=14;" vertex="1" parent="aP8mny04UfGmjDG34_9H-1">
          <mxGeometry x="820" y="500" width="90" height="25" as="geometry"/>
        </mxCell>
        <mxCell id="Dl2DiCPaNpqv0xKsCXk_-38" value="&#39;hi there!&#39;" style="rounded=0;whiteSpace=wrap;html=1;fontSize=14;" vertex="1" parent="aP8mny04UfGmjDG34_9H-1">
          <mxGeometry x="920" y="500" width="90" height="25" as="geometry"/>
        </mxCell>
        <mxCell id="Dl2DiCPaNpqv0xKsCXk_-39" value="{ color: &#39;red&#39; }" style="rounded=0;whiteSpace=wrap;html=1;fontSize=14;" vertex="1" parent="aP8mny04UfGmjDG34_9H-1">
          <mxGeometry x="1020" y="500" width="90" height="25" as="geometry"/>
        </mxCell>
      </root>
    </mxGraphModel>
  </diagram>
  <diagram id="JrUWj6wb0_nfVGezp6np" name="05 - inference">
    <mxGraphModel dx="542" dy="359" grid="1" gridSize="10" guides="1" tooltips="1" connect="1" arrows="1" fold="1" page="1" pageScale="1" pageWidth="1920" pageHeight="1200" math="0" shadow="0">
      <root>
        <mxCell id="D61_HO8Qs8umj3H2qiiv-0"/>
        <mxCell id="D61_HO8Qs8umj3H2qiiv-1" parent="D61_HO8Qs8umj3H2qiiv-0"/>
        <mxCell id="Rkp6iBSHXix4NDqaUJ09-3" value="Type Inference" style="text;html=1;strokeColor=none;fillColor=none;align=center;verticalAlign=middle;whiteSpace=wrap;rounded=0;fontSize=28;" vertex="1" parent="D61_HO8Qs8umj3H2qiiv-1">
          <mxGeometry x="390" y="220" width="220" height="20" as="geometry"/>
        </mxCell>
        <mxCell id="Rkp6iBSHXix4NDqaUJ09-4" value="Typescript is smart!&amp;nbsp; It can figure out things for us" style="rounded=0;whiteSpace=wrap;html=1;fontSize=17;" vertex="1" parent="D61_HO8Qs8umj3H2qiiv-1">
          <mxGeometry x="260" y="250" width="480" height="50" as="geometry"/>
        </mxCell>
        <mxCell id="Rkp6iBSHXix4NDqaUJ09-6" value="If we initialize &lt;i style=&quot;font-weight: bold&quot;&gt;and assign&lt;/i&gt;&amp;nbsp;a variable on a single line, Typescript will try to figure out the type of variable for us" style="rounded=0;whiteSpace=wrap;html=1;fontSize=17;" vertex="1" parent="D61_HO8Qs8umj3H2qiiv-1">
          <mxGeometry x="260" y="310" width="480" height="50" as="geometry"/>
        </mxCell>
        <mxCell id="Rkp6iBSHXix4NDqaUJ09-7" value="We rely on this behavior extremely frequently except in a couple of corner cases" style="rounded=0;whiteSpace=wrap;html=1;fontSize=17;" vertex="1" parent="D61_HO8Qs8umj3H2qiiv-1">
          <mxGeometry x="260" y="370" width="480" height="50" as="geometry"/>
        </mxCell>
      </root>
    </mxGraphModel>
  </diagram>
  <diagram id="8c1Fi0zz3Spd8fRhyVE4" name="06 - why types">
    <mxGraphModel dx="747" dy="359" grid="1" gridSize="10" guides="1" tooltips="1" connect="1" arrows="1" fold="1" page="1" pageScale="1" pageWidth="1920" pageHeight="1200" math="0" shadow="0">
      <root>
        <mxCell id="G7K_RPhe7utI3Y-U2ZGP-0"/>
        <mxCell id="G7K_RPhe7utI3Y-U2ZGP-1" parent="G7K_RPhe7utI3Y-U2ZGP-0"/>
        <mxCell id="G7K_RPhe7utI3Y-U2ZGP-2" value="Why Types?" style="text;html=1;strokeColor=none;fillColor=none;align=center;verticalAlign=middle;whiteSpace=wrap;rounded=0;fontSize=28;" vertex="1" parent="G7K_RPhe7utI3Y-U2ZGP-1">
          <mxGeometry x="600" y="120" width="250" height="20" as="geometry"/>
        </mxCell>
        <mxCell id="s0d_a07RvLUat06EHbRU-0" value="Typescript knows about the different &lt;i&gt;properties and methods&lt;/i&gt;&amp;nbsp;that every type has!" style="rounded=0;whiteSpace=wrap;html=1;fontSize=17;" vertex="1" parent="G7K_RPhe7utI3Y-U2ZGP-1">
          <mxGeometry x="484" y="160" width="480" height="50" as="geometry"/>
        </mxCell>
        <mxCell id="s0d_a07RvLUat06EHbRU-1" value="If we refer to properties or methods that don&#39;t exist on a value, it will display an error" style="rounded=0;whiteSpace=wrap;html=1;fontSize=17;" vertex="1" parent="G7K_RPhe7utI3Y-U2ZGP-1">
          <mxGeometry x="484" y="220" width="480" height="50" as="geometry"/>
        </mxCell>
      </root>
    </mxGraphModel>
  </diagram>
  <diagram id="tJnihcGSqHN7bglXLMBd" name="08 - gate">
    <mxGraphModel dx="747" dy="359" grid="1" gridSize="10" guides="1" tooltips="1" connect="1" arrows="1" fold="1" page="1" pageScale="1" pageWidth="1920" pageHeight="1200" math="0" shadow="0">
      <root>
        <mxCell id="ZPcJJg9uey0xbb0FN43u-0"/>
        <mxCell id="ZPcJJg9uey0xbb0FN43u-1" parent="ZPcJJg9uey0xbb0FN43u-0"/>
        <mxCell id="ZPcJJg9uey0xbb0FN43u-9" value="" style="endArrow=none;html=1;fontSize=25;" edge="1" parent="ZPcJJg9uey0xbb0FN43u-1">
          <mxGeometry width="50" height="50" relative="1" as="geometry">
            <mxPoint x="560" y="390" as="sourcePoint"/>
            <mxPoint x="1090" y="390" as="targetPoint"/>
          </mxGeometry>
        </mxCell>
        <mxCell id="ZPcJJg9uey0xbb0FN43u-10" value="" style="shape=image;html=1;verticalAlign=top;verticalLabelPosition=bottom;labelBackgroundColor=#ffffff;imageAspect=0;aspect=fixed;image=https://cdn2.iconfinder.com/data/icons/free-color-halloween-icons/24/Fence-128.png;fontSize=25;" vertex="1" parent="ZPcJJg9uey0xbb0FN43u-1">
          <mxGeometry x="710" y="331" width="68" height="68" as="geometry"/>
        </mxCell>
        <mxCell id="ZPcJJg9uey0xbb0FN43u-12" value="" style="rounded=0;whiteSpace=wrap;html=1;fontSize=25;" vertex="1" parent="ZPcJJg9uey0xbb0FN43u-1">
          <mxGeometry x="960" y="270" width="120" height="120" as="geometry"/>
        </mxCell>
        <mxCell id="ZPcJJg9uey0xbb0FN43u-13" value="" style="triangle;whiteSpace=wrap;html=1;fontSize=25;rotation=-90;" vertex="1" parent="ZPcJJg9uey0xbb0FN43u-1">
          <mxGeometry x="990" y="160" width="60" height="160" as="geometry"/>
        </mxCell>
        <mxCell id="ZPcJJg9uey0xbb0FN43u-14" value="" style="rounded=0;whiteSpace=wrap;html=1;fontSize=25;" vertex="1" parent="ZPcJJg9uey0xbb0FN43u-1">
          <mxGeometry x="970" y="330" width="40" height="60" as="geometry"/>
        </mxCell>
        <mxCell id="ZPcJJg9uey0xbb0FN43u-15" value="" style="rounded=0;whiteSpace=wrap;html=1;fontSize=25;" vertex="1" parent="ZPcJJg9uey0xbb0FN43u-1">
          <mxGeometry x="1030" y="280" width="40" height="40" as="geometry"/>
        </mxCell>
        <mxCell id="ZPcJJg9uey0xbb0FN43u-16" value="" style="endArrow=none;html=1;fontSize=25;entryX=1;entryY=0.5;entryDx=0;entryDy=0;" edge="1" parent="ZPcJJg9uey0xbb0FN43u-1" target="ZPcJJg9uey0xbb0FN43u-15">
          <mxGeometry width="50" height="50" relative="1" as="geometry">
            <mxPoint x="1030" y="300" as="sourcePoint"/>
            <mxPoint x="1080" y="250" as="targetPoint"/>
          </mxGeometry>
        </mxCell>
        <mxCell id="ZPcJJg9uey0xbb0FN43u-17" value="" style="endArrow=none;html=1;fontSize=25;entryX=0.5;entryY=0;entryDx=0;entryDy=0;exitX=0.5;exitY=1;exitDx=0;exitDy=0;" edge="1" parent="ZPcJJg9uey0xbb0FN43u-1" source="ZPcJJg9uey0xbb0FN43u-15" target="ZPcJJg9uey0xbb0FN43u-15">
          <mxGeometry width="50" height="50" relative="1" as="geometry">
            <mxPoint x="1100" y="320" as="sourcePoint"/>
            <mxPoint x="1140" y="320" as="targetPoint"/>
          </mxGeometry>
        </mxCell>
        <mxCell id="ZPcJJg9uey0xbb0FN43u-18" value="" style="ellipse;whiteSpace=wrap;html=1;aspect=fixed;fontSize=25;" vertex="1" parent="ZPcJJg9uey0xbb0FN43u-1">
          <mxGeometry x="995" y="360" width="10" height="10" as="geometry"/>
        </mxCell>
        <mxCell id="ZPcJJg9uey0xbb0FN43u-19" value="Party at &#39;printPost&#39;s house" style="text;html=1;strokeColor=none;fillColor=none;align=center;verticalAlign=middle;whiteSpace=wrap;rounded=0;fontSize=25;fontStyle=1" vertex="1" parent="ZPcJJg9uey0xbb0FN43u-1">
          <mxGeometry x="905" y="410" width="230" height="20" as="geometry"/>
        </mxCell>
        <mxCell id="ZPcJJg9uey0xbb0FN43u-20" value="" style="shape=image;html=1;verticalAlign=top;verticalLabelPosition=bottom;labelBackgroundColor=#ffffff;imageAspect=0;aspect=fixed;image=https://cdn4.iconfinder.com/data/icons/stick-figures-in-motion/100/stickfigure_22-128.png;fontSize=25;" vertex="1" parent="ZPcJJg9uey0xbb0FN43u-1">
          <mxGeometry x="600" y="303" width="88" height="88" as="geometry"/>
        </mxCell>
        <mxCell id="ZPcJJg9uey0xbb0FN43u-21" value="" style="shape=image;html=1;verticalAlign=top;verticalLabelPosition=bottom;labelBackgroundColor=#ffffff;imageAspect=0;aspect=fixed;image=https://cdn4.iconfinder.com/data/icons/stick-figures-in-motion/100/stickfigure_8-128.png;fontSize=25;flipH=1;" vertex="1" parent="ZPcJJg9uey0xbb0FN43u-1">
          <mxGeometry x="760" y="303" width="86" height="86" as="geometry"/>
        </mxCell>
        <mxCell id="ZPcJJg9uey0xbb0FN43u-24" style="edgeStyle=orthogonalEdgeStyle;rounded=0;orthogonalLoop=1;jettySize=auto;html=1;exitX=0.5;exitY=0;exitDx=0;exitDy=0;entryX=0.5;entryY=1;entryDx=0;entryDy=0;fontSize=25;" edge="1" parent="ZPcJJg9uey0xbb0FN43u-1" source="ZPcJJg9uey0xbb0FN43u-23" target="ZPcJJg9uey0xbb0FN43u-20">
          <mxGeometry relative="1" as="geometry"/>
        </mxCell>
        <mxCell id="ZPcJJg9uey0xbb0FN43u-23" value="post" style="rounded=0;whiteSpace=wrap;html=1;fontSize=18;fontStyle=1;fillColor=#dae8fc;strokeColor=#6c8ebf;" vertex="1" parent="ZPcJJg9uey0xbb0FN43u-1">
          <mxGeometry x="569.5" y="440" width="109" height="60" as="geometry"/>
        </mxCell>
        <mxCell id="ZPcJJg9uey0xbb0FN43u-26" style="edgeStyle=orthogonalEdgeStyle;rounded=0;orthogonalLoop=1;jettySize=auto;html=1;exitX=0.5;exitY=0;exitDx=0;exitDy=0;entryX=0.5;entryY=1;entryDx=0;entryDy=0;fontSize=25;" edge="1" parent="ZPcJJg9uey0xbb0FN43u-1" source="ZPcJJg9uey0xbb0FN43u-25" target="ZPcJJg9uey0xbb0FN43u-21">
          <mxGeometry relative="1" as="geometry"/>
        </mxCell>
        <mxCell id="ZPcJJg9uey0xbb0FN43u-25" value="PostGateKeeper" style="rounded=0;whiteSpace=wrap;html=1;fontSize=18;fontStyle=1;fillColor=#dae8fc;strokeColor=#6c8ebf;" vertex="1" parent="ZPcJJg9uey0xbb0FN43u-1">
          <mxGeometry x="728" y="440" width="150" height="60" as="geometry"/>
        </mxCell>
      </root>
    </mxGraphModel>
  </diagram>
  <diagram id="lDRF0EVzyCxgOc_qB-If" name="07 - funcs">
    <mxGraphModel dx="747" dy="359" grid="1" gridSize="10" guides="1" tooltips="1" connect="1" arrows="1" fold="1" page="1" pageScale="1" pageWidth="1920" pageHeight="1200" math="0" shadow="0">
      <root>
        <mxCell id="j-f91VQe2rjeJcv2Tnv1-0"/>
        <mxCell id="j-f91VQe2rjeJcv2Tnv1-1" parent="j-f91VQe2rjeJcv2Tnv1-0"/>
        <mxCell id="-sq3WkfpEopIyWMxd44c-0" value="name" style="rounded=0;whiteSpace=wrap;html=1;fontSize=18;fillColor=#d5e8d4;strokeColor=#82b366;" vertex="1" parent="j-f91VQe2rjeJcv2Tnv1-1">
          <mxGeometry x="390" y="150" width="180" height="30" as="geometry"/>
        </mxCell>
        <mxCell id="-sq3WkfpEopIyWMxd44c-2" value="type" style="rounded=0;whiteSpace=wrap;html=1;fontSize=18;fillColor=#d5e8d4;strokeColor=#82b366;" vertex="1" parent="j-f91VQe2rjeJcv2Tnv1-1">
          <mxGeometry x="570" y="150" width="180" height="30" as="geometry"/>
        </mxCell>
        <mxCell id="-sq3WkfpEopIyWMxd44c-1" value="interface PostGatekeeper" style="rounded=0;whiteSpace=wrap;html=1;fontSize=28;fillColor=#dae8fc;strokeColor=#6c8ebf;" vertex="1" parent="j-f91VQe2rjeJcv2Tnv1-1">
          <mxGeometry x="390" y="110" width="360" height="40" as="geometry"/>
        </mxCell>
        <mxCell id="5OrRjxaIhGQOVKtNa1pM-0" style="edgeStyle=orthogonalEdgeStyle;rounded=0;orthogonalLoop=1;jettySize=auto;html=1;exitX=0;exitY=0.5;exitDx=0;exitDy=0;entryX=0;entryY=0.5;entryDx=0;entryDy=0;fontSize=18;" edge="1" parent="j-f91VQe2rjeJcv2Tnv1-1" source="-sq3WkfpEopIyWMxd44c-3" target="-sq3WkfpEopIyWMxd44c-12">
          <mxGeometry relative="1" as="geometry"/>
        </mxCell>
        <mxCell id="-sq3WkfpEopIyWMxd44c-3" value="title" style="rounded=0;whiteSpace=wrap;html=1;fontSize=18;" vertex="1" parent="j-f91VQe2rjeJcv2Tnv1-1">
          <mxGeometry x="390" y="180" width="180" height="30" as="geometry"/>
        </mxCell>
        <mxCell id="5OrRjxaIhGQOVKtNa1pM-1" style="edgeStyle=orthogonalEdgeStyle;rounded=0;orthogonalLoop=1;jettySize=auto;html=1;exitX=1;exitY=0.5;exitDx=0;exitDy=0;entryX=1;entryY=0.5;entryDx=0;entryDy=0;fontSize=18;" edge="1" parent="j-f91VQe2rjeJcv2Tnv1-1" source="-sq3WkfpEopIyWMxd44c-4" target="-sq3WkfpEopIyWMxd44c-13">
          <mxGeometry relative="1" as="geometry"/>
        </mxCell>
        <mxCell id="-sq3WkfpEopIyWMxd44c-4" value="string" style="rounded=0;whiteSpace=wrap;html=1;fontSize=18;" vertex="1" parent="j-f91VQe2rjeJcv2Tnv1-1">
          <mxGeometry x="570" y="180" width="180" height="30" as="geometry"/>
        </mxCell>
        <mxCell id="5OrRjxaIhGQOVKtNa1pM-2" style="edgeStyle=orthogonalEdgeStyle;rounded=0;orthogonalLoop=1;jettySize=auto;html=1;exitX=0;exitY=0.5;exitDx=0;exitDy=0;entryX=0;entryY=0.5;entryDx=0;entryDy=0;fontSize=18;" edge="1" parent="j-f91VQe2rjeJcv2Tnv1-1" source="-sq3WkfpEopIyWMxd44c-5" target="-sq3WkfpEopIyWMxd44c-14">
          <mxGeometry relative="1" as="geometry"/>
        </mxCell>
        <mxCell id="-sq3WkfpEopIyWMxd44c-5" value="daysOld" style="rounded=0;whiteSpace=wrap;html=1;fontSize=18;" vertex="1" parent="j-f91VQe2rjeJcv2Tnv1-1">
          <mxGeometry x="390" y="210" width="180" height="30" as="geometry"/>
        </mxCell>
        <mxCell id="5OrRjxaIhGQOVKtNa1pM-3" style="edgeStyle=orthogonalEdgeStyle;rounded=0;orthogonalLoop=1;jettySize=auto;html=1;exitX=1;exitY=0.5;exitDx=0;exitDy=0;entryX=1;entryY=0.5;entryDx=0;entryDy=0;fontSize=18;" edge="1" parent="j-f91VQe2rjeJcv2Tnv1-1" source="-sq3WkfpEopIyWMxd44c-6" target="-sq3WkfpEopIyWMxd44c-15">
          <mxGeometry relative="1" as="geometry"/>
        </mxCell>
        <mxCell id="-sq3WkfpEopIyWMxd44c-6" value="number" style="rounded=0;whiteSpace=wrap;html=1;fontSize=18;" vertex="1" parent="j-f91VQe2rjeJcv2Tnv1-1">
          <mxGeometry x="570" y="210" width="180" height="30" as="geometry"/>
        </mxCell>
        <mxCell id="-sq3WkfpEopIyWMxd44c-7" value="published" style="rounded=0;whiteSpace=wrap;html=1;fontSize=18;" vertex="1" parent="j-f91VQe2rjeJcv2Tnv1-1">
          <mxGeometry x="390" y="240" width="180" height="30" as="geometry"/>
        </mxCell>
        <mxCell id="-sq3WkfpEopIyWMxd44c-8" value="boolean" style="rounded=0;whiteSpace=wrap;html=1;fontSize=18;" vertex="1" parent="j-f91VQe2rjeJcv2Tnv1-1">
          <mxGeometry x="570" y="240" width="180" height="30" as="geometry"/>
        </mxCell>
        <mxCell id="-sq3WkfpEopIyWMxd44c-9" value="name" style="rounded=0;whiteSpace=wrap;html=1;fontSize=18;fillColor=#d5e8d4;strokeColor=#82b366;" vertex="1" parent="j-f91VQe2rjeJcv2Tnv1-1">
          <mxGeometry x="390" y="350" width="180" height="30" as="geometry"/>
        </mxCell>
        <mxCell id="-sq3WkfpEopIyWMxd44c-10" value="type" style="rounded=0;whiteSpace=wrap;html=1;fontSize=18;fillColor=#d5e8d4;strokeColor=#82b366;" vertex="1" parent="j-f91VQe2rjeJcv2Tnv1-1">
          <mxGeometry x="570" y="350" width="180" height="30" as="geometry"/>
        </mxCell>
        <mxCell id="-sq3WkfpEopIyWMxd44c-11" value="post" style="rounded=0;whiteSpace=wrap;html=1;fontSize=25;fillColor=#dae8fc;strokeColor=#6c8ebf;" vertex="1" parent="j-f91VQe2rjeJcv2Tnv1-1">
          <mxGeometry x="390" y="320" width="360" height="30" as="geometry"/>
        </mxCell>
        <mxCell id="-sq3WkfpEopIyWMxd44c-12" value="title" style="rounded=0;whiteSpace=wrap;html=1;fontSize=18;" vertex="1" parent="j-f91VQe2rjeJcv2Tnv1-1">
          <mxGeometry x="390" y="380" width="180" height="30" as="geometry"/>
        </mxCell>
        <mxCell id="-sq3WkfpEopIyWMxd44c-13" value="&#39;Latest TS News&#39;" style="rounded=0;whiteSpace=wrap;html=1;fontSize=18;" vertex="1" parent="j-f91VQe2rjeJcv2Tnv1-1">
          <mxGeometry x="570" y="380" width="180" height="30" as="geometry"/>
        </mxCell>
        <mxCell id="-sq3WkfpEopIyWMxd44c-14" value="daysOld" style="rounded=0;whiteSpace=wrap;html=1;fontSize=18;" vertex="1" parent="j-f91VQe2rjeJcv2Tnv1-1">
          <mxGeometry x="390" y="410" width="180" height="30" as="geometry"/>
        </mxCell>
        <mxCell id="-sq3WkfpEopIyWMxd44c-15" value="10" style="rounded=0;whiteSpace=wrap;html=1;fontSize=18;" vertex="1" parent="j-f91VQe2rjeJcv2Tnv1-1">
          <mxGeometry x="570" y="410" width="180" height="30" as="geometry"/>
        </mxCell>
      </root>
    </mxGraphModel>
  </diagram>
  <diagram id="H-e6JzZtVwPoAUmz-PZF" name="09 - dec">
    <mxGraphModel dx="1282" dy="717" grid="1" gridSize="10" guides="1" tooltips="1" connect="1" arrows="1" fold="1" page="1" pageScale="1" pageWidth="1920" pageHeight="1200" math="0" shadow="0">
      <root>
        <mxCell id="xEvEjAL3b3cMroG5syf_-0"/>
        <mxCell id="xEvEjAL3b3cMroG5syf_-1" parent="xEvEjAL3b3cMroG5syf_-0"/>
        <mxCell id="xEvEjAL3b3cMroG5syf_-2" value="Decorators" style="text;html=1;strokeColor=none;fillColor=none;align=center;verticalAlign=middle;whiteSpace=wrap;rounded=0;fontSize=29;" parent="xEvEjAL3b3cMroG5syf_-1" vertex="1">
          <mxGeometry x="630" y="80" width="40" height="20" as="geometry"/>
        </mxCell>
        <mxCell id="xEvEjAL3b3cMroG5syf_-3" value="Plain functions" style="rounded=0;whiteSpace=wrap;html=1;fontSize=13;" parent="xEvEjAL3b3cMroG5syf_-1" vertex="1">
          <mxGeometry x="390" y="110" width="520" height="40" as="geometry"/>
        </mxCell>
        <mxCell id="xEvEjAL3b3cMroG5syf_-4" value="Called when the file &lt;i style=&quot;font-size: 13px;&quot;&gt;first gets executed&lt;/i&gt;, not when an instance of the class is created" style="rounded=0;whiteSpace=wrap;html=1;fontSize=13;" parent="xEvEjAL3b3cMroG5syf_-1" vertex="1">
          <mxGeometry x="390" y="158" width="520" height="40" as="geometry"/>
        </mxCell>
        <mxCell id="xEvEjAL3b3cMroG5syf_-5" value="Can be applied to a class, a property, a method, an accessor, or an argument of a method" style="rounded=0;whiteSpace=wrap;html=1;fontSize=13;" parent="xEvEjAL3b3cMroG5syf_-1" vertex="1">
          <mxGeometry x="390" y="207" width="520" height="40" as="geometry"/>
        </mxCell>
        <mxCell id="xEvEjAL3b3cMroG5syf_-6" value="Receives different arguments depending on where it gets used" style="rounded=0;whiteSpace=wrap;html=1;fontSize=13;" parent="xEvEjAL3b3cMroG5syf_-1" vertex="1">
          <mxGeometry x="390" y="255" width="520" height="40" as="geometry"/>
        </mxCell>
        <mxCell id="xEvEjAL3b3cMroG5syf_-7" value="Can be a plain decorator or a decorator factory" style="rounded=0;whiteSpace=wrap;html=1;fontSize=13;" parent="xEvEjAL3b3cMroG5syf_-1" vertex="1">
          <mxGeometry x="390" y="303" width="520" height="40" as="geometry"/>
        </mxCell>
        <mxCell id="xEvEjAL3b3cMroG5syf_-8" value="Used to mess around with the internals of the class in clever ways" style="rounded=0;whiteSpace=wrap;html=1;fontSize=13;" parent="xEvEjAL3b3cMroG5syf_-1" vertex="1">
          <mxGeometry x="390" y="352" width="520" height="40" as="geometry"/>
        </mxCell>
        <mxCell id="xEvEjAL3b3cMroG5syf_-9" value="Super, &lt;i&gt;super&lt;/i&gt;&amp;nbsp;complicated, not really worth our time to go further into right now" style="rounded=0;whiteSpace=wrap;html=1;fontSize=13;" parent="xEvEjAL3b3cMroG5syf_-1" vertex="1">
          <mxGeometry x="390" y="400" width="520" height="40" as="geometry"/>
        </mxCell>
      </root>
    </mxGraphModel>
  </diagram>
  <diagram id="lHkRCGNMmCjfigxuSAw4" name="10 - generics">
    <mxGraphModel dx="747" dy="359" grid="1" gridSize="10" guides="1" tooltips="1" connect="1" arrows="1" fold="1" page="1" pageScale="1" pageWidth="1920" pageHeight="1200" math="0" shadow="0">
      <root>
        <mxCell id="mMg1peolBUudF8Aby7ci-0"/>
        <mxCell id="mMg1peolBUudF8Aby7ci-1" parent="mMg1peolBUudF8Aby7ci-0"/>
        <mxCell id="mMg1peolBUudF8Aby7ci-8" style="edgeStyle=orthogonalEdgeStyle;rounded=0;orthogonalLoop=1;jettySize=auto;html=1;exitX=0.5;exitY=1;exitDx=0;exitDy=0;fontSize=21;" edge="1" parent="mMg1peolBUudF8Aby7ci-1" source="mMg1peolBUudF8Aby7ci-2" target="mMg1peolBUudF8Aby7ci-7">
          <mxGeometry relative="1" as="geometry"/>
        </mxCell>
        <mxCell id="mMg1peolBUudF8Aby7ci-2" value="map" style="rounded=0;whiteSpace=wrap;html=1;fillColor=#dae8fc;strokeColor=#6c8ebf;fontSize=21;" vertex="1" parent="mMg1peolBUudF8Aby7ci-1">
          <mxGeometry x="460" y="300" width="150" height="60" as="geometry"/>
        </mxCell>
        <mxCell id="mMg1peolBUudF8Aby7ci-5" style="edgeStyle=orthogonalEdgeStyle;rounded=0;orthogonalLoop=1;jettySize=auto;html=1;exitX=0.5;exitY=1;exitDx=0;exitDy=0;entryX=0.25;entryY=0;entryDx=0;entryDy=0;fontSize=21;" edge="1" parent="mMg1peolBUudF8Aby7ci-1" source="mMg1peolBUudF8Aby7ci-3" target="mMg1peolBUudF8Aby7ci-2">
          <mxGeometry relative="1" as="geometry"/>
        </mxCell>
        <mxCell id="mMg1peolBUudF8Aby7ci-3" value="Input Array" style="rounded=0;whiteSpace=wrap;html=1;fontSize=21;" vertex="1" parent="mMg1peolBUudF8Aby7ci-1">
          <mxGeometry x="350" y="180" width="150" height="60" as="geometry"/>
        </mxCell>
        <mxCell id="mMg1peolBUudF8Aby7ci-6" style="edgeStyle=orthogonalEdgeStyle;rounded=0;orthogonalLoop=1;jettySize=auto;html=1;exitX=0.5;exitY=1;exitDx=0;exitDy=0;entryX=0.75;entryY=0;entryDx=0;entryDy=0;fontSize=21;" edge="1" parent="mMg1peolBUudF8Aby7ci-1" source="mMg1peolBUudF8Aby7ci-4" target="mMg1peolBUudF8Aby7ci-2">
          <mxGeometry relative="1" as="geometry"/>
        </mxCell>
        <mxCell id="mMg1peolBUudF8Aby7ci-4" value="Iterator Function" style="rounded=0;whiteSpace=wrap;html=1;fontSize=21;" vertex="1" parent="mMg1peolBUudF8Aby7ci-1">
          <mxGeometry x="580" y="180" width="150" height="60" as="geometry"/>
        </mxCell>
        <mxCell id="mMg1peolBUudF8Aby7ci-7" value="New Array" style="rounded=0;whiteSpace=wrap;html=1;fontSize=21;fillColor=#e1d5e7;strokeColor=#9673a6;" vertex="1" parent="mMg1peolBUudF8Aby7ci-1">
          <mxGeometry x="460" y="420" width="150" height="60" as="geometry"/>
        </mxCell>
      </root>
    </mxGraphModel>
  </diagram>
</mxfile>
